{
    "id": "hiper_network",
    "version": "1.0.1",
    "name": "Hiper Network",
    "description": "Hiper Network Service",
    "author": ["Harry-zklcdc"],
    "link": "https://www.github.top/Hiper-Link/PluginsCatalogue",
    "dependencies": {
        "hiperlink": ">=1.0.0"
    },
    "command": "./hiper_network",
    "args": [],
    "type": "gRPC",
    "root": true,
    "color": "#c4e6ff",
    "icon": "mdi-connection",
    "frontend": {
        "ui": true,
        "configuration": true
    }
}